Alopacce,Alopcune,Alopfabr,Arctlute,Arctperi,Auloalbi,Pardlugu,Pardmont,Pardnigr,Pardpull,Trocterr,Zoraspin
1,1,0,0,0,1,0,1,1,1,1,1
0,1,0,0,0,1,1,1,1,1,1,1
1,1,1,1,0,1,1,1,1,1,1,1
1,1,0,1,0,1,1,1,1,1,1,1
1,1,0,1,0,1,1,1,1,1,1,1
0,1,0,1,0,1,0,1,1,1,1,1
1,1,0,1,0,1,1,1,1,1,1,1
0,1,0,0,0,1,1,1,1,1,1,1
1,1,0,0,0,0,0,1,1,1,1,0
1,0,1,0,0,0,0,1,0,0,1,0
1,1,1,0,0,1,0,1,0,1,1,0
1,1,0,0,0,0,0,1,1,1,1,0
1,1,1,1,0,1,1,1,1,1,1,1
0,1,0,1,0,1,1,1,1,1,1,1
0,0,0,0,0,0,1,0,0,0,1,1
0,1,0,0,0,0,1,0,1,0,1,1
0,0,0,0,0,0,1,0,0,0,1,1
0,1,0,0,0,0,1,0,0,0,1,0
0,1,0,0,0,0,1,0,1,0,1,1
0,1,0,0,0,0,1,0,0,0,1,1
0,1,0,0,0,0,1,1,0,1,1,1
1,0,1,0,1,0,0,1,0,0,1,0
1,0,1,0,1,0,1,1,0,0,1,0
1,0,1,0,1,0,0,1,0,0,0,0
1,1,1,0,0,1,1,1,1,0,1,1
1,0,1,0,1,0,0,0,0,0,1,0
1,0,1,0,1,0,0,1,0,0,0,0
1,0,1,0,1,0,0,1,0,0,1,0
